<keymap version="1" name="Windows copy" parent="$default">
  <action id="A8Translate.TranslateAction">
    <keyboard-shortcut first-keystroke="alt t" />
    <keyboard-shortcut first-keystroke="shift ctrl y" />
  </action>
  <action id="CWMHostShowPopupAction" />
  <action id="RecentFiles">
    <keyboard-shortcut first-keystroke="ctrl e" />
    <keyboard-shortcut first-keystroke="alt w" />
  </action>
  <action id="RevealIn">
    <keyboard-shortcut first-keystroke="alt f" />
  </action>
  <action id="SelectIn">
    <keyboard-shortcut first-keystroke="alt f1" />
    <keyboard-shortcut first-keystroke="alt back_quote" />
  </action>
  <action id="SelectNextOccurrence" />
  <action id="Vcs.QuickListPopupAction" />
  <action id="VimPluginToggle">
    <keyboard-shortcut first-keystroke="ctrl comma" />
  </action>
</keymap>