<application>
  <component name="UISettings">
    <option name="ACTIVATE_MRU_EDITOR_ON_CLOSE" value="true" />
    <option name="compactTreeIndents" value="true" />
    <option name="DISABLE_MNEMONICS" value="true" />
    <option name="EDITOR_TAB_LIMIT" value="20" />
    <option name="EDITOR_TAB_PLACEMENT" value="4" />
    <option name="HIDE_TABS_IF_NEED" value="false" />
    <option name="MARK_MODIFIED_TABS_WITH_ASTERISK" value="true" />
    <option name="NAVIGATION_BAR_LOCATION" value="TOP" />
    <option name="OPEN_IN_PREVIEW_TAB_IF_POSSIBLE" value="true" />
    <option name="REMEMBER_SIZE_FOR_EACH_TOOL_WINDOW_NEW_UI" value="true" />
    <option name="SHOW_CLOSE_BUTTON" value="false" />
    <option name="SHOW_MAIN_MENU" value="false" />
    <option name="SHOW_NAVIGATION_BAR_MEMBERS" value="false" />
    <option name="SHOW_NAVIGATION_BAR" value="false" />
    <option name="showTreeIndentGuides" value="true" />
    <option name="UI_DENSITY" value="COMPACT" />
    <option name="CONTRAST_SCROLLBARS" value="true" />
  </component>
</application>