<application>
  <component name="MavenRunHelper">
    <option name="conflictsForegroundColor" value="-65536" />
    <option name="goals">
      <Goals>
        <option name="goals">
          <list>
            <Goal>
              <option name="commandLine" value="clean" />
            </Goal>
            <Goal>
              <option name="commandLine" value="clean install" />
            </Goal>
          </list>
        </option>
      </Goals>
    </option>
    <option name="searchBackgroundColor" value="-16711681" />
  </component>
</application>