<application>
  <component name="ProjectManager">
    <defaultProject>
      <component name="AnalysisProjectProfileManager">
        <option name="PROJECT_PROFILE" />
        <option name="USE_PROJECT_LEVEL_SETTINGS" value="false" />
        <list size="0" />
      </component>
      <component name="AutoImportSettings">
        <option name="autoReloadType" value="SELECTIVE" />
      </component>
      <component name="CodeInsightWorkspaceSettings">
        <option name="optimizeImportsOnTheFly" value="true" />
      </component>
      <component name="CompilerConfiguration">
        <bytecodeTargetLevel target="11" />
      </component>
      <component name="Encoding" defaultCharsetForPropertiesFiles="UTF-8">
        <file url="PROJECT" charset="UTF-8" />
      </component>
      <component name="InspectionProjectProfileManager">
        <profile version="1.0">
          <option name="myName" value="Project Default" />
        </profile>
        <version value="1.0" />
      </component>
      <component name="MarkdownSettingsMigration">
        <option name="stateVersion" value="1" />
      </component>
      <component name="MavenImportPreferences">
        <option name="generalSettings">
          <MavenGeneralSettings>
            <option name="customMavenHome" value="D:/Maven/apache-maven-3.9.1" />
            <option name="mavenHomeTypeForPersistence" value="CUSTOM" />
          </MavenGeneralSettings>
        </option>
        <option name="importingSettings">
          <MavenImportingSettings>
            <option name="jdkForImporter" value="11" />
          </MavenImportingSettings>
        </option>
      </component>
      <component name="MavenRunner">
        <option name="jreName" value="11" />
      </component>
      <component name="ProjectDictionaryState">
        <dictionary name="夜小雨" />
      </component>
      <component name="ProjectInspectionProfilesVisibleTreeState">
        <entry key="Project Default">
          <profile-state>
            <expanded-state>
              <State />
            </expanded-state>
            <selected-state>
              <State>
                <id>Android</id>
              </State>
            </selected-state>
          </profile-state>
        </entry>
      </component>
      <component name="ProjectViewState">
        <option name="hideEmptyMiddlePackages" value="true" />
        <option name="openDirectoriesWithSingleClick" value="true" />
        <option name="showExcludedFiles" value="false" />
        <option name="showLibraryContents" value="true" />
      </component>
      <component name="PropertiesComponent"><![CDATA[{
  "keyToString": {
    "last_opened_file_path": "D:/夜小雨/下载/IdeaVIM-2.17.0.zip",
    "node.js.selected.package.eslint": "(autodetect)",
    "node.js.selected.package.stylelint": "",
    "settings.editor.selected.configurable": "preferences.keymap"
  }
}]]></component>
      <component name="SuppressionsComponent">
        <option name="suppComments" value="[]" />
      </component>
      <component name="SvnConfiguration">
        <configuration>C:\Users\夜小雨\AppData\Roaming\Subversion</configuration>
      </component>
      <component name="TaskManager">
        <task active="true" id="Default" summary="默认任务">
          <created>1683732424286</created>
          <option name="number" value="Default" />
          <option name="presentableId" value="Default" />
          <updated>1683732424286</updated>
        </task>
        <servers />
      </component>
      <component name="WindowStateProjectService">
        <state x="548" y="69" key="#HTTP_代理" timestamp="1735479291633">
          <screen x="0" y="0" width="1536" height="824" />
        </state>
        <state x="548" y="69" key="#HTTP_代理/0.0.1536.824" timestamp="1735479291633" />
        <state x="361" y="22" key="#插件" timestamp="1735479313964">
          <screen x="0" y="0" width="1536" height="824" />
        </state>
        <state x="361" y="22" key="#插件/0.0.1536.824" timestamp="1735479313964" />
        <state x="549" y="122" key="FileChooserDialogImpl" timestamp="1735479300205">
          <screen x="0" y="0" width="1536" height="824" />
        </state>
        <state x="549" y="122" key="FileChooserDialogImpl/0.0.1536.824" timestamp="1735479300205" />
        <state x="263" y="46" key="SettingsEditor" timestamp="1728904110171">
          <screen x="0" y="0" width="1536" height="824" />
        </state>
        <state x="263" y="46" key="SettingsEditor/0.0.1536.824" timestamp="1728904110171" />
      </component>
      <component name="masterDetails">
        <states>
          <state key="Copyright.UI">
            <settings>
              <splitter-proportions>
                <option name="proportions">
                  <list>
                    <option value="0.2" />
                  </list>
                </option>
              </splitter-proportions>
            </settings>
          </state>
          <state key="ScopeChooserConfigurable.UI">
            <settings>
              <splitter-proportions>
                <option name="proportions">
                  <list>
                    <option value="0.2" />
                  </list>
                </option>
              </splitter-proportions>
            </settings>
          </state>
        </states>
      </component>
    </defaultProject>
  </component>
</application>