<application>
  <component name="Trusted.Paths">
    <option name="TRUSTED_PROJECT_PATHS">
      <map>
        <entry key="C:\Users\夜小雨\AppData\Local\nvim" value="true" />
        <entry key="D:\GIT\EnumValid" value="true" />
        <entry key="D:\GIT\nevv-news" value="true" />
        <entry key="D:\GIT\sky-take-out" value="true" />
        <entry key="D:\GIT\yuv-tool" value="true" />
        <entry key="D:\夜小雨\文档\Intellij_IDEA\EnumValid" value="true" />
        <entry key="D:\夜小雨\文档\Intellij_IDEA\hello world" value="true" />
        <entry key="D:\夜小雨\文档\Intellij_IDEA\my-project" value="true" />
        <entry key="D:\夜小雨\文档\Intellij_IDEA\sky-take-out" value="true" />
        <entry key="D:\夜小雨\文档\Intellij_IDEA\untitled" value="true" />
        <entry key="D:\夜小雨\文档\Intellij_IDEA\yuv-framework" value="true" />
        <entry key="D:\夜小雨\文档\VUE\vue_basic" value="true" />
      </map>
    </option>
  </component>
  <component name="Trusted.Paths.Settings">
    <option name="TRUSTED_PATHS">
      <list>
        <option value="D:\夜小雨\文档\Intellij_IDEA" />
        <option value="D:\GIT" />
        <option value="D:\夜小雨\文档\VUE" />
      </list>
    </option>
  </component>
</application>