<application>
  <component name="DimensionService">
    <location key="find.popup.0.0.1920.1080@150dpi" x="584" y="0" />
    <location key="find.popup.0.0.1920.1080@120dpi" x="580" y="166" />
    <size key="find.popup.0.0.1920.1080@150dpi" width="958" height="820" />
    <size key="GridCell.Tab.0.left.0.0.1920.1080@150dpi" width="1818" height="289" />
    <size key="GridCell.Tab.0.center.0.0.1920.1080@150dpi" width="1818" height="289" />
    <size key="GridCell.Tab.0.right.0.0.1920.1080@150dpi" width="1818" height="289" />
    <size key="GridCell.Tab.0.bottom.0.0.1920.1080@150dpi" width="1818" height="289" />
    <size key="GridCell.Tab.0.left.0.0.1920.1080@120dpi" width="1838" height="255" />
    <size key="GridCell.Tab.0.center.0.0.1920.1080@120dpi" width="1838" height="255" />
    <size key="GridCell.Tab.0.right.0.0.1920.1080@120dpi" width="1838" height="255" />
    <size key="GridCell.Tab.0.bottom.0.0.1920.1080@120dpi" width="1838" height="255" />
    <size key="find.popup.0.0.1920.1080@120dpi" width="1014" height="650" />
    <size key="GridCell.Tab.1.left.0.0.1920.1080@120dpi" width="1838" height="255" />
    <size key="GridCell.Tab.1.center.0.0.1920.1080@120dpi" width="1838" height="255" />
    <size key="GridCell.Tab.1.right.0.0.1920.1080@120dpi" width="1838" height="255" />
    <size key="GridCell.Tab.1.bottom.0.0.1920.1080@120dpi" width="1838" height="255" />
    <size key="GridCell.Tab.1.left.0.0.1920.1080@150dpi" width="1818" height="335" />
    <size key="GridCell.Tab.1.center.0.0.1920.1080@150dpi" width="1818" height="335" />
    <size key="GridCell.Tab.1.right.0.0.1920.1080@150dpi" width="1818" height="335" />
    <size key="GridCell.Tab.1.bottom.0.0.1920.1080@150dpi" width="1818" height="335" />
  </component>
  <component name="WindowManager">
    <frame x="-9" y="-9" width="1938" height="1048" extendedState="6" />
  </component>
  <component name="WindowStateApplicationService">
    <state width="524" height="162" key="ShowUsagesActions.dimensionServiceKey" timestamp="1744799065398">
      <screen x="0" y="0" width="1536" height="824" />
    </state>
    <state width="524" height="162" key="ShowUsagesActions.dimensionServiceKey/0.0.1536.824" timestamp="1744799065398" />
    <state x="767" y="383" width="967" height="650" key="WELCOME_SCREEN" timestamp="1745151812280">
      <screen x="0" y="0" width="1536" height="824" />
    </state>
    <state x="767" y="383" width="967" height="650" key="WELCOME_SCREEN/0.0.1536.824" timestamp="1745151812280" />
  </component>
</application>