<application>
  <component name="DimensionService">
    <location key="find.popup.0.0.1920.1080@150dpi" x="584" y="0" />
    <location key="find.popup.0.0.1920.1080@120dpi" x="584" y="0" />
    <size key="find.popup.0.0.1920.1080@150dpi" width="958" height="820" />
    <size key="GridCell.Tab.0.left.0.0.1920.1080@150dpi" width="1818" height="289" />
    <size key="GridCell.Tab.0.center.0.0.1920.1080@150dpi" width="1818" height="289" />
    <size key="GridCell.Tab.0.right.0.0.1920.1080@150dpi" width="1818" height="289" />
    <size key="GridCell.Tab.0.bottom.0.0.1920.1080@150dpi" width="1818" height="289" />
    <size key="GridCell.Tab.0.left.0.0.1920.1080@120dpi" width="1838" height="233" />
    <size key="GridCell.Tab.0.center.0.0.1920.1080@120dpi" width="1838" height="233" />
    <size key="GridCell.Tab.0.right.0.0.1920.1080@120dpi" width="1838" height="233" />
    <size key="GridCell.Tab.0.bottom.0.0.1920.1080@120dpi" width="1838" height="233" />
    <size key="find.popup.0.0.1920.1080@120dpi" width="823" height="650" />
    <size key="GridCell.Tab.1.left.0.0.1920.1080@120dpi" width="1838" height="233" />
    <size key="GridCell.Tab.1.center.0.0.1920.1080@120dpi" width="1838" height="233" />
    <size key="GridCell.Tab.1.right.0.0.1920.1080@120dpi" width="1838" height="233" />
    <size key="GridCell.Tab.1.bottom.0.0.1920.1080@120dpi" width="1838" height="233" />
    <size key="GridCell.Tab.1.left.0.0.1920.1080@150dpi" width="1818" height="335" />
    <size key="GridCell.Tab.1.center.0.0.1920.1080@150dpi" width="1818" height="335" />
    <size key="GridCell.Tab.1.right.0.0.1920.1080@150dpi" width="1818" height="335" />
    <size key="GridCell.Tab.1.bottom.0.0.1920.1080@150dpi" width="1818" height="335" />
  </component>
  <component name="WindowManager">
    <frame x="-9" y="-9" width="1938" height="1048" extendedState="6" />
  </component>
  <component name="WindowStateApplicationService">
    <state x="815" y="217" key="FileChooserDialogImpl" timestamp="1735479065305">
      <screen x="0" y="0" width="1536" height="824" />
    </state>
    <state x="815" y="217" key="FileChooserDialogImpl/0.0.1536.824" timestamp="1735479065305" />
    <state width="662" height="96" key="ShowUsagesActions.dimensionServiceKey" timestamp="1730033283249">
      <screen x="0" y="0" width="1536" height="824" />
    </state>
    <state width="662" height="96" key="ShowUsagesActions.dimensionServiceKey/0.0.1536.824" timestamp="1730033283249" />
    <state x="767" y="383" width="967" height="650" key="WELCOME_SCREEN" timestamp="1735479946449">
      <screen x="0" y="0" width="1536" height="824" />
    </state>
    <state x="767" y="383" width="967" height="650" key="WELCOME_SCREEN/0.0.1536.824" timestamp="1735479946449" />
    <state x="243" y="327" key="ide.config.custom.settings" timestamp="1728904095908">
      <screen x="0" y="0" width="1536" height="824" />
    </state>
    <state x="243" y="327" key="ide.config.custom.settings/0.0.1536.824" timestamp="1728904095908" />
  </component>
</application>