<application>
  <component name="Translation.Cache">
    <option name="lastTrimTime" value="1745152475797" />
  </component>
  <component name="Translation.Settings">
    <option name="primaryLanguage" value="CHINESE" />
    <option name="showExplanation" value="true" />
    <option name="translateDocumentation" value="true" />
    <option name="translator" value="GOOGLE" />
    <option name="wordbookStoragePath" value="C:\Users\夜小雨\OneDrive\IDEA单词本" />
  </component>
  <component name="Translation.States">
    <option name="translationDialogCollapseDictViewer" value="false" />
    <option name="translationDialogHeight" value="325" />
    <option name="translationDialogLocationX" value="442" />
    <option name="translationDialogLocationY" value="248" />
    <option name="translationDialogWidth" value="650" />
    <histories>
      <item value="let" />
      <item value="pascel" />
      <item value="pas" />
      <item value="VM-Find-Under" />
      <item value="If you started from the beginning of the line, you would have typed f\ to reposition cursors on the backslash." />
      <item value="showmode" />
      <item value="2" />
      <item value="timeoutlen" />
      <item value="nnoremap" />
      <item value="垂直" />
      <item value="水平" />
      <item value="quotes" />
      <item value="quqote" />
      <item value=" &lt;count&gt;ai         (A)n (I)ndentation level and line above.&#10;        &lt;count&gt;ii         (I)nner (I)ndentation level (no line above).&#10;        &lt;count&gt;aI         (A)n (I)ndentation level and lines above/below.&#10;        &lt;count&gt;iI         (I)nner (I)ndentation level (no lines above/below)." />
      <item value="Snacks Picker integration" />
      <item value="page query" />
      <item value="peeding" />
      <item value="ped" />
      <item value="pee" />
      <item value="pe" />
      <item value="PEDDING" />
      <item value="COMPLETED FIELD" />
      <item value="handle" />
      <item value="h" />
      <item value="無断使用厳禁" />
      <item value="daemon" />
      <item value="abort" />
      <item value="忽略" />
      <item value="decorate" />
      <item value="graph" />
      <item value="Declaration" />
      <item value="GotoDeclaration" />
      <item value="包含" />
      <item value="Unable to determine an unique previous gateway of inclusive_close" />
      <item value="移动到上面的窗口" />
      <item value="下面的" />
      <item value="移动到下面的窗口" />
      <item value="yids" />
      <item value="水平线" />
      <item value="水平xian" />
      <item value="水平分割窗口" />
      <item value="shui'ping" />
      <item value="复制到系统剪贴板" />
      <item value="剪贴板" />
      <item value="introduce" />
      <item value="intr" />
      <item value="in" />
      <item value="current" />
      <item value="curr" />
      <item value="show sibling" />
    </histories>
    <option name="languageScores">
      <map>
        <entry key="CHINESE" value="193" />
        <entry key="CHINESE_SIMPLIFIED" value="15" />
        <entry key="ENGLISH" value="179" />
      </map>
    </option>
  </component>
</application>