<application>
  <component name="Translation.Cache">
    <option name="lastTrimTime" value="1729867695156" />
  </component>
  <component name="Translation.Settings">
    <option name="primaryLanguage" value="CHINESE" />
    <option name="showExplanation" value="true" />
    <option name="translateDocumentation" value="true" />
    <option name="translator" value="GOOGLE" />
    <option name="wordbookStoragePath" value="C:\Users\夜小雨\OneDrive\IDEA单词本" />
  </component>
  <component name="Translation.States">
    <option name="translationDialogCollapseDictViewer" value="false" />
    <option name="translationDialogHeight" value="325" />
    <option name="translationDialogLocationX" value="442" />
    <option name="translationDialogLocationY" value="248" />
    <option name="translationDialogWidth" value="650" />
    <histories>
      <item value="peeding" />
      <item value="ped" />
      <item value="pee" />
      <item value="pe" />
      <item value="PEDDING" />
      <item value="COMPLETED FIELD" />
      <item value="handle" />
      <item value="h" />
      <item value="無断使用厳禁" />
      <item value="daemon" />
      <item value="abort" />
      <item value="忽略" />
      <item value="decorate" />
      <item value="graph" />
      <item value="Declaration" />
      <item value="GotoDeclaration" />
      <item value="包含" />
      <item value="Unable to determine an unique previous gateway of inclusive_close" />
      <item value="移动到上面的窗口" />
      <item value="下面的" />
      <item value="移动到下面的窗口" />
      <item value="yids" />
      <item value="垂直" />
      <item value="水平线" />
      <item value="水平xian" />
      <item value="水平" />
      <item value="水平分割窗口" />
      <item value="shui'ping" />
      <item value="复制到系统剪贴板" />
      <item value="剪贴板" />
      <item value="introduce" />
      <item value="intr" />
      <item value="in" />
      <item value="current" />
      <item value="curr" />
      <item value="show sibling" />
      <item value="show sib" />
      <item value="show " />
      <item value="set" />
      <item value="orders Page Query DTO" />
      <item value="Optimize Imports" />
      <item value="Editor Translate Action" />
      <item value="siblings" />
      <item value="show siblings" />
      <item value="q" />
      <item value="submit" />
      <item value="-----END OPENSSH PRIVATE KEY-----" />
      <item value="Threshold of execution times" />
      <item value="enhanced" />
      <item value="parent.relativePath' of POM com.hrp'springboot jpa:1.0-SNAPSHOT (F:NdeaCodevjava-weblspringboot jpalpom.xml) points at com.hrp;java-web instead of org springframework.boot'springboot-starter-parent, please verify your project structure" />
    </histories>
    <option name="languageScores">
      <map>
        <entry key="CHINESE" value="193" />
        <entry key="ENGLISH" value="169" />
      </map>
    </option>
  </component>
</application>