<keymap version="1" name="Windows 修改后的" parent="$default">
  <action id="$EditorTranslateAction" />
  <action id="$ShowTranslationDialogAction" />
  <action id="EditorDecreaseFontSizeGlobal">
    <keyboard-shortcut first-keystroke="shift alt comma" />
    <mouse-shortcut keystroke="control button142" />
  </action>
  <action id="EditorIncreaseFontSizeGlobal">
    <keyboard-shortcut first-keystroke="shift alt period" />
    <mouse-shortcut keystroke="control button143" />
  </action>
  <action id="GotoImplementation">
    <keyboard-shortcut first-keystroke="ctrl alt b" />
    <mouse-shortcut keystroke="shift button1" />
  </action>
  <action id="MoveStatementDown">
    <keyboard-shortcut first-keystroke="shift ctrl down" />
    <keyboard-shortcut first-keystroke="alt j" />
  </action>
  <action id="MoveStatementUp">
    <keyboard-shortcut first-keystroke="shift ctrl up" />
    <keyboard-shortcut first-keystroke="alt k" />
  </action>
  <action id="SelectIn">
    <keyboard-shortcut first-keystroke="alt back_quote" />
  </action>
  <action id="SelectNextOccurrence" />
  <action id="TerminalDecreaseFontSize" />
  <action id="TerminalIncreaseFontSize" />
  <action id="ToggleFullScreen">
    <mouse-shortcut keystroke="shift button5" />
  </action>
  <action id="ToggleZenMode">
    <mouse-shortcut keystroke="shift button4" />
  </action>
  <action id="Vcs.QuickListPopupAction" />
  <action id="VimPluginToggle">
    <keyboard-shortcut first-keystroke="ctrl comma" />
  </action>
</keymap>