<application>
  <component name="FindSettings">
    <option name="customScope" value="所有位置" />
    <option name="defaultScopeName" value="所有位置" />
    <option name="localRegularExpressions" value="true" />
    <option name="LOCAL_REGULAR_EXPRESSIONS" value="true" />
    <option name="SEARCH_SCOPE" value="所有位置" />
    <mask>*.css</mask>
    <mask>*.html</mask>
    <mask>*.xml</mask>
    <mask>*.jsp</mask>
    <mask>*.properties</mask>
    <mask>*.java</mask>
  </component>
</application>