<application>
  <component name="ProjectManager">
    <defaultProject>
      <component name="AutoImportSettings">
        <option name="autoReloadType" value="SELECTIVE" />
      </component>
      <component name="CompilerConfiguration">
        <bytecodeTargetLevel target="11" />
      </component>
      <component name="Encoding" defaultCharsetForPropertiesFiles="UTF-8">
        <file url="PROJECT" charset="UTF-8" />
      </component>
      <component name="MarkdownSettingsMigration">
        <option name="stateVersion" value="1" />
      </component>
      <component name="MavenImportPreferences">
        <option name="generalSettings">
          <MavenGeneralSettings>
            <option name="mavenHome" value="D:/Maven/apache-maven-3.9.1" />
          </MavenGeneralSettings>
        </option>
        <option name="importingSettings">
          <MavenImportingSettings>
            <option name="jdkForImporter" value="11" />
          </MavenImportingSettings>
        </option>
      </component>
      <component name="MavenRunner">
        <option name="jreName" value="11" />
      </component>
      <component name="ProjectDictionaryState">
        <dictionary name="夜小雨" />
      </component>
      <component name="ProjectInspectionProfilesVisibleTreeState">
        <entry key="Project Default">
          <profile-state>
            <expanded-state>
              <State />
            </expanded-state>
            <selected-state>
              <State>
                <id>Android</id>
              </State>
            </selected-state>
          </profile-state>
        </entry>
      </component>
      <component name="ProjectViewState">
        <option name="hideEmptyMiddlePackages" value="true" />
        <option name="openDirectoriesWithSingleClick" value="true" />
        <option name="showLibraryContents" value="true" />
      </component>
      <component name="PropertiesComponent">{
  &quot;keyToString&quot;: {
    &quot;last_opened_file_path&quot;: &quot;D:/夜小雨/文档/Intellij_IDEA/t1&quot;,
    &quot;node.js.selected.package.eslint&quot;: &quot;(autodetect)&quot;,
    &quot;node.js.selected.package.stylelint&quot;: &quot;&quot;,
    &quot;settings.editor.selected.configurable&quot;: &quot;preferences.pluginManager&quot;
  }
}</component>
      <component name="SvnConfiguration">
        <configuration>C:\Users\夜小雨\AppData\Roaming\Subversion</configuration>
      </component>
      <component name="TaskManager">
        <task active="true" id="Default" summary="默认任务">
          <created>1683732424286</created>
          <option name="number" value="Default" />
          <option name="presentableId" value="Default" />
          <updated>1683732424286</updated>
        </task>
        <servers />
      </component>
      <component name="VcsDirectoryMappings" defaultProject="true" />
      <component name="WindowStateProjectService">
        <state x="505" y="74" key="#HTTP_Proxy" timestamp="1731727044690">
          <screen x="0" y="0" width="1536" height="824" />
        </state>
        <state x="505" y="74" key="#HTTP_Proxy/0.0.1536.824" timestamp="1731727044690" />
        <state x="361" y="22" key="#Plugins" timestamp="1731727075820">
          <screen x="0" y="0" width="1536" height="824" />
        </state>
        <state x="361" y="22" key="#Plugins/0.0.1536.824" timestamp="1731727075820" />
        <state x="270" y="22" key="SettingsEditor" timestamp="1731726957382">
          <screen x="0" y="0" width="1536" height="824" />
        </state>
        <state x="270" y="22" key="SettingsEditor/0.0.1536.824" timestamp="1731726957382" />
      </component>
      <component name="masterDetails">
        <states>
          <state key="Copyright.UI">
            <settings>
              <splitter-proportions>
                <option name="proportions">
                  <list>
                    <option value="0.2" />
                  </list>
                </option>
              </splitter-proportions>
            </settings>
          </state>
          <state key="ScopeChooserConfigurable.UI">
            <settings>
              <splitter-proportions>
                <option name="proportions">
                  <list>
                    <option value="0.2" />
                  </list>
                </option>
              </splitter-proportions>
            </settings>
          </state>
        </states>
      </component>
    </defaultProject>
  </component>
</application>