<application>
  <component name="Trusted.Paths">
    <option name="TRUSTED_PROJECT_PATHS">
      <map>
        <entry key="D:\GIT\HTML_LEARN" value="true" />
        <entry key="D:\GIT\heima-leadnews" value="true" />
        <entry key="D:\GIT\onboarding-project" value="true" />
        <entry key="D:\GIT\sky-take-out" value="true" />
        <entry key="D:\夜小雨\文档\Intellij_IDEA\yuv-framework" value="true" />
        <entry key="D:\夜小雨\文档\VUE" value="true" />
        <entry key="D:\夜小雨\文档\VUE\syt\syt" value="true" />
        <entry key="D:\夜小雨\文档\VUE\todo-list" value="true" />
        <entry key="D:\夜小雨\文档\VUE\vue_basic" value="true" />
        <entry key="D:\夜小雨\文档\VUE\vue_test" value="true" />
        <entry key="D:\夜小雨\文档\syt" value="true" />
      </map>
    </option>
  </component>
  <component name="Trusted.Paths.Settings">
    <option name="TRUSTED_PATHS">
      <list>
        <option value="D:\GIT" />
        <option value="D:\夜小雨\文档\VUE" />
        <option value="D:\夜小雨\文档" />
      </list>
    </option>
  </component>
</application>