<application>
  <component name="DimensionService">
    <location key="find.popup.0.0.1920.1080@120dpi" x="665" y="40" />
    <size key="GridCell.Tab.0.left.0.0.1920.1080@120dpi" width="1650" height="280" />
    <size key="GridCell.Tab.0.center.0.0.1920.1080@120dpi" width="1650" height="280" />
    <size key="GridCell.Tab.0.right.0.0.1920.1080@120dpi" width="1650" height="280" />
    <size key="GridCell.Tab.0.bottom.0.0.1920.1080@120dpi" width="1650" height="280" />
    <size key="GridCell.Tab.1.left.0.0.1920.1080@120dpi" width="1838" height="299" />
    <size key="GridCell.Tab.1.center.0.0.1920.1080@120dpi" width="1838" height="299" />
    <size key="GridCell.Tab.1.right.0.0.1920.1080@120dpi" width="1838" height="299" />
    <size key="GridCell.Tab.1.bottom.0.0.1920.1080@120dpi" width="1838" height="299" />
    <size key="GridCell.Tab.2.left.0.0.1920.1080@120dpi" width="1838" height="299" />
    <size key="GridCell.Tab.2.center.0.0.1920.1080@120dpi" width="1838" height="299" />
    <size key="GridCell.Tab.2.right.0.0.1920.1080@120dpi" width="1838" height="299" />
    <size key="GridCell.Tab.2.bottom.0.0.1920.1080@120dpi" width="1838" height="299" />
    <size key="GridCell.Tab.3.left.0.0.1920.1080@120dpi" width="1838" height="299" />
    <size key="GridCell.Tab.3.center.0.0.1920.1080@120dpi" width="1838" height="299" />
    <size key="GridCell.Tab.3.right.0.0.1920.1080@120dpi" width="1838" height="299" />
    <size key="GridCell.Tab.3.bottom.0.0.1920.1080@120dpi" width="1838" height="299" />
    <size key="find.popup.0.0.1920.1080@120dpi" width="819" height="660" />
  </component>
  <component name="WindowManager">
    <frame x="-9" y="-9" width="1938" height="1048" extendedState="6" />
  </component>
  <component name="WindowStateApplicationService">
    <state x="1011" y="98" key="#HTTP_Proxy" timestamp="1731727173235">
      <screen x="0" y="0" width="1536" height="824" />
    </state>
    <state x="1011" y="98" key="#HTTP_Proxy/0.0.1536.824" timestamp="1731727173235" />
    <state x="588" y="164" key="FileChooserDialogImpl" timestamp="1731730254258">
      <screen x="0" y="0" width="1536" height="824" />
    </state>
    <state x="588" y="164" key="FileChooserDialogImpl/0.0.1536.824" timestamp="1731730254258" />
    <state width="484" height="207" key="ShowUsagesActions.dimensionServiceKey" timestamp="1734771022237">
      <screen x="0" y="0" width="1536" height="824" />
    </state>
    <state width="484" height="207" key="ShowUsagesActions.dimensionServiceKey/0.0.1536.824" timestamp="1734771022237" />
    <state x="767" y="383" width="969" height="650" key="WELCOME_SCREEN" timestamp="1735479645194">
      <screen x="0" y="0" width="1536" height="824" />
    </state>
    <state x="767" y="383" width="969" height="650" key="WELCOME_SCREEN/0.0.1536.824" timestamp="1735479645194" />
  </component>
</application>