<application>
  <component name="Translation.Cache">
    <option name="lastTrimTime" value="1734761897137" />
  </component>
  <component name="Translation.Settings">
    <option name="primaryLanguage" value="CHINESE" />
  </component>
  <component name="Translation.States">
    <option name="translationDialogHeight" value="260" />
    <option name="translationDialogLocationX" value="467" />
    <option name="translationDialogLocationY" value="281" />
    <histories>
      <item value="商品" />
      <item value="beauty" />
      <item value="bea" />
      <item value="be" />
      <item value="医院" />
      <item value="减" />
      <item value="减少" />
      <item value="jian" />
      <item value="sub" />
      <item value="egress" />
      <item value="e" />
      <item value="Identify" />
      <item value="Redis Serializer" />
      <item value="set Default Serializer" />
      <item value="Cache Data" />
      <item value="set Complete" />
      <item value="specified" />
      <item value="Ambiguous mapping" />
      <item value="tb order logistics" />
      <item value="logistics" />
      <item value="export" />
      <item value="Stopping container from aborted consumer" />
      <item value="java.lang.IllegalStateException: No instances available for t.weather.itboy.net" />
      <item value="java.lang.IllegalStateException: No instances available for weatherservie" />
      <item value="determine" />
      <item value="build" />
      <item value="Provides reflective access to both the state available at a join point and static information about it. This information is available from the body of advice using the special form thisJoinPoint. The primary use of this reflective information is for tracing and logging applications." />
      <item value="syntax" />
      <item value="No primary or single unique constructor found for interface java.util.List" />
      <item value="employee DTO" />
    </histories>
    <option name="languageScores">
      <map>
        <entry key="CHINESE" value="11" />
        <entry key="CHINESE_SIMPLIFIED" value="20" />
        <entry key="ENGLISH" value="30" />
      </map>
    </option>
  </component>
</application>